column,dtype,n_unique,role
adr,float64,8864,feature
adr_per_guest,float64,10800,feature
adults,int64,14,feature
agent,str,334,feature
arrival_date_day_of_month,int64,31,feature
arrival_date_month,category,12,feature
arrival_date_week_number,int64,53,feature
arrival_date_year,int64,3,feature
arrival_season,str,4,feature
babies,int64,5,feature
booked_by_company,int64,2,feature
booked_with_agent,int64,2,feature
children,int64,5,feature
country,str,178,feature
customer_type,str,4,feature
deposit_type,str,3,feature
distribution_channel,str,5,feature
has_previous_cancellation,int64,2,feature
hotel,str,2,feature
is_family,int64,2,feature
is_repeated_guest,int64,2,feature
lead_time,int64,479,feature
lead_time_group,category,6,feature
long_lead_time,int64,2,feature
market_segment,str,8,feature
meal,str,4,feature
prev_cancel_ratio,float64,111,feature
previous_bookings_not_canceled,int64,73,feature
previous_cancellations,int64,15,feature
reserved_room_type,str,9,feature
stays_in_week_nights,int64,33,feature
stays_in_weekend_nights,int64,17,feature
total_guests,int64,14,feature
total_nights,int64,42,feature
total_of_special_requests,int64,6,feature
total_previous_bookings,int64,77,feature
arrival_date,datetime64[us],793,helper
assigned_room_type,str,11,post-booking
booking_changes,int64,19,post-booking
days_in_waiting_list,int64,127,post-booking
required_car_parking_spaces,int64,5,post-booking
room_changed,int64,2,post-booking
is_canceled,int64,2,target
