c,r,best_rule,r1_saving_per_1000_mean,r1_saving_per_1000_sd,r2_saving_per_1000_mean,r2_saving_per_1000_sd,r2_minus_r1_mean,r2_minus_r1_folds_positive,best_saving_per_1000_mean,best_saving_per_1000_sd,best_folds_positive,r1_threshold_folds,r1_threshold_pooled,best_pct_flagged_mean,flag_nothing_best
2,0.1,R1,11840.25384729639,330.2862741368499,11941.017882364107,336.5884108682109,100.76403506771712,5,11840.25384729639,330.2862741368499,5,0.05 0.05 0.05 0.05 0.05,0.05,63.48456329006973,False
2,0.25,R1,31505.171516943064,824.9541583937157,31768.576626900882,877.5036105896015,263.40510995781295,5,31505.171516943064,824.9541583937157,5,0.05 0.05 0.05 0.05 0.05,0.05,63.48456329006973,False
2,0.5,R1,64280.034299687526,1649.4216691485822,64949.915177974544,1757.3351135376627,669.8808782870125,5,64280.034299687526,1649.4216691485822,5,0.05 0.05 0.05 0.05 0.05,0.05,63.48456329006973,False
5,0.1,R1,10077.475288820007,326.7210568186488,10359.010803988715,318.6777135662975,281.5355151687061,5,10077.475288820007,326.7210568186488,5,0.12 0.12 0.12 0.12 0.12,0.12,52.84667710583218,False
5,0.25,R1,29600.634618240972,825.7156853421272,29852.54470591027,841.4710271705293,251.91008766929517,5,29600.634618240972,825.7156853421272,5,0.05 0.05 0.05 0.05 0.05,0.05,63.48456329006973,False
5,0.5,R1,62375.497400985434,1650.155588021977,62843.811938985265,1730.445393417791,468.3145379998343,5,62375.497400985434,1650.155588021977,5,0.05 0.05 0.05 0.05 0.05,0.05,63.48456329006973,False
10,0.1,R2,7649.266157068085,343.4565355242408,8336.288507328292,366.6305465808726,687.0223502602094,5,8336.288507328292,366.6305465808726,5,0.20 0.22 0.22 0.20 0.25,0.22,33.93650542342226,False
10,0.25,R1,26459.107183677348,827.0128542824474,27105.706412727894,812.1907590732834,646.599229050547,5,26459.107183677348,827.0128542824474,5,0.12 0.07 0.08 0.07 0.12,0.08,56.73644577310923,False
10,0.5,R1,59201.269236481945,1651.4313706842545,59705.08941182054,1682.9420543410586,503.82017533859033,5,59201.269236481945,1651.4313706842545,5,0.05 0.05 0.05 0.05 0.05,0.05,63.48456329006973,False
20,0.1,R2,4295.407629411393,374.09068121174334,5602.1580546931245,429.70307195733096,1306.7504252817323,5,5602.1580546931245,429.70307195733096,5,0.47 0.43 0.47 0.47 0.47,0.47,20.746173146180116,False
20,0.25,R2,21394.737802490366,798.4565648686087,22669.341852123827,923.8514178715795,1274.6040496334558,5,22669.341852123827,923.8514178715795,5,0.20 0.19 0.20 0.20 0.20,0.2,37.9895293788343,False
20,0.5,R1,52918.214367354696,1654.0257085648948,54211.41282545579,1624.3815181465668,1293.198458101094,5,52918.214367354696,1654.0257085648948,5,0.12 0.07 0.08 0.07 0.12,0.08,56.73644577310923,False
