rule,outer_fold,c,r,calibrator,threshold,n_rows,total_saving_eur,saving_per_1000,pct_flagged,precision,recall,f1
R1,0,5.0,0.25,none,0.05,13595.0,420504.205,30930.798455314456,63.53806546524458,0.42301458670988656,0.9687168610816543,0.5888799355358582
R2,0,5.0,0.25,none,,13595.0,424465.0800000001,31222.14637734462,56.75616035307098,0.4537325038880249,0.9281548250265111,0.6095055710306406
R3,0,5.0,0.25,none,0.37,13595.0,349908.03750000003,25737.994667157047,31.158514159617507,0.658876298394712,0.7399257688229056,0.6970529470529471
R1,1,5.0,0.25,none,0.05,13594.0,400522.4,29463.174930116227,63.18964248933353,0.4281722933643772,0.9750795334040296,0.5950493447662191
R2,1,5.0,0.25,none,,13594.0,403046.9325,29648.88425040459,56.17184051787554,0.462938711367208,0.9371686108165429,0.6197405329593267
R3,1,5.0,0.25,none,0.36,13594.0,336269.905,24736.641533029277,31.55068412534942,0.6616927022615995,0.7523860021208908,0.7041310011164867
R1,2,5.0,0.25,none,0.05,13595.0,400436.0675,29454.6574108128,63.663111438028686,0.4249566724436742,0.9750795334040296,0.591936911563531
R2,2,5.0,0.25,none,,13595.0,404332.965,29741.299374770137,55.799926443545424,0.4626944371210124,0.9305408271474019,0.618066561014263
R3,2,5.0,0.25,none,0.34,13595.0,341093.8075,25089.65115851416,32.975358587716066,0.6413116216819095,0.7621951219512195,0.6965475469412478
R1,3,5.0,0.25,none,0.05,13595.0,401151.8775,29507.309856564912,63.354174328797356,0.42563566701497735,0.971898197242842,0.5920064594267259
R2,3,5.0,0.25,none,,13595.0,404334.25249999994,29741.3940787054,56.05737403457154,0.46135677732581026,0.9321314952279958,0.6172211006758536
R3,3,5.0,0.25,none,0.37,13595.0,334978.9725,24639.865575579253,31.415961750643618,0.6565207211425895,0.7433722163308589,0.6972522690538356
R1,4,5.0,0.25,none,0.05,13595.0,389459.125,28647.23243839647,63.67782272894446,0.4243964421855146,0.9740190880169671,0.5911980046665057
R2,4,5.0,0.25,none,,13595.0,393017.84750000003,28908.999448326595,55.96910628907686,0.46169010382441844,0.9313361611876988,0.6173446973025217
R3,4,5.0,0.25,none,0.36,13595.0,317829.17,23378.386906951084,31.00404560500184,0.6507710557532621,0.7272004241781548,0.6868661575059472
R1,mean,5.0,0.25,none,0.05,13594.8,402414.735,29600.634618240972,63.48456329006973,0.42523513234368593,0.9729586426299045,0.591814131191768
R1,sd,5.0,0.25,none,0.0,0.4472135954999579,11226.838616080751,825.7156853421272,0.20980389327343313,0.0019038846402479337,0.0027036158608657046,0.002208381086013955
R2,mean,5.0,0.25,none,,13594.8,405839.4155,29852.54470591027,56.15088152762807,0.4604825067052948,0.93186638388123,0.6163756925965211
R2,sd,5.0,0.25,none,,0.4472135954999579,11441.60012974578,841.4710271705293,0.3646083842471493,0.0038311471995456084,0.0033165418884402754,0.003969680149083522
R3,mean,5.0,0.25,none,0.36,13594.8,336015.9785,24716.507968246166,31.620912845665693,0.6538344798468145,0.7450159066808059,0.6963699843340928
R3,sd,5.0,0.25,none,0.012247448713915879,0.4472135954999579,11733.216887749008,863.064063085888,0.7867334412190893,0.008071462536067503,0.013185658708274489,0.006161016530522329
