option,outer_fold,ap,precision,recall,f1,w,n_eval,paired_gain_vs_xgb,can_replace_xgb,is_final
xgboost,0,0.7725822588719862,0.7335576628938514,0.6357370095440085,0.6811532452776594,,13595.0,0.0,False,True
xgboost,1,0.7726992072542928,0.7326040717107262,0.6391834570519618,0.682712728302421,,13594.0,0.0,False,True
xgboost,2,0.7607622570417959,0.728062015503876,0.6224814422057264,0.671144776332714,,13595.0,0.0,False,True
xgboost,3,0.7611638029951913,0.7234432234432234,0.6283138918345705,0.6725312145289444,,13595.0,0.0,False,True
xgboost,4,0.75467850665814,0.7179169249845009,0.6139978791092259,0.6619034009717062,,13595.0,0.0,False,True
xgboost,mean,0.7643772065642813,0.7271167797072355,0.6279427359490986,0.673889073082689,,13594.8,0.0,False,True
xgboost,sd,0.007969271944068483,0.006531101802351941,0.010143064503786867,0.008421050551605446,,0.4472135954999579,0.0,False,True
E1_average,0,0.7759048648896413,0.7591289782244556,0.6007423117709438,0.6707118543732425,,13595.0,0.0033226060176551053,True,False
E1_average,1,0.7789714686442889,0.7518821603927986,0.6089607635206787,0.6729163615057858,,13594.0,0.006272261389996148,True,False
E1_average,2,0.7666476109745097,0.7502507522567703,0.5949098621420997,0.6636108235989945,,13595.0,0.005885353932713833,True,False
E1_average,3,0.7657159661438682,0.743421052631579,0.5991516436903499,0.6635349383440986,,13595.0,0.004552163148676902,True,False
E1_average,4,0.7591083127263104,0.7342819324950364,0.5882820784729587,0.6532234324403886,,13595.0,0.00442980606817045,True,False
E1_average,mean,0.7692696446757237,0.747792975200128,0.5984093319194062,0.664799482052502,,13594.8,0.004892438111442488,True,False
E1_average,sd,0.008076321786996335,0.009393202995941747,0.007617973511376892,0.0077113031137718245,,0.4472135954999579,0.001192055196771691,True,False
E2_weighted,0,0.7759048648896413,0.7591289782244556,0.6007423117709438,0.6707118543732425,0.5,13595.0,0.0033226060176551053,True,False
E2_weighted,1,0.7786650847957294,0.7476605356566635,0.6142629904559915,0.6744287585504294,0.6,13594.0,0.005965877541436626,True,False
E2_weighted,2,0.7663911212056334,0.7449113591595535,0.6015376458112407,0.6655910824288648,0.6,13595.0,0.005628864163837455,True,False
E2_weighted,3,0.7657159661438682,0.743421052631579,0.5991516436903499,0.6635349383440986,0.5,13595.0,0.004552163148676902,True,False
E2_weighted,4,0.7591083127263104,0.7342819324950364,0.5882820784729587,0.6532234324403886,0.5,13595.0,0.00442980606817045,True,False
E2_weighted,mean,0.7691570699522365,0.7458807716334575,0.600795334040297,0.6654980132274048,0.54,13594.8,0.004779863387955307,True,False
E2_weighted,sd,0.008006314265249505,0.008947144590982586,0.009236001438901471,0.008085017159682954,0.0547722557505166,0.4472135954999579,0.00105183392927581,True,False
E3_stacking,0,0.7779324287121545,0.7387415175817397,0.6349416755037116,0.682919874536641,,13595.0,0.0053501698401683395,False,False
E3_stacking,1,0.7799752730031173,0.731306990881459,0.6378579003181336,0.6813933729821581,,13594.0,0.007276065748824556,False,False
E3_stacking,2,0.7666798722727365,0.7364147407870081,0.6251325556733828,0.6762259822196731,,13595.0,0.005917615230940587,False,False
E3_stacking,3,0.7672363813879425,0.7261107729762629,0.6325556733828208,0.6761122130915274,,13595.0,0.006072578392751216,False,False
E3_stacking,4,0.7611298286969791,0.7223769730733519,0.6187698833510075,0.6665714693702699,,13595.0,0.006451322038839136,False,False
E3_stacking,mean,0.770590756814586,0.7309901990599642,0.6298515376458111,0.6766445824400539,,13594.8,0.0062135502503047665,False,False
E3_stacking,sd,0.008031583025677844,0.006848456206244282,0.007784528718923961,0.006400323286652672,,0.4472135954999579,0.0007138541414275592,False,False
