arm,kind,n_features,pr_auc_mean,pr_auc_std,roc_auc_mean,delta_vs_baseline,beats_noise
1 baseline (25 features),clean,25,0.766,0.0071,0.8899,0.0,False
2 +prev_cancel_ratio +total_previous_bookings,clean,27,0.7652,0.0076,0.8894,-0.0007,False
3 +long_lead_time,clean,26,0.7658,0.007,0.89,-0.0001,False
4 +arrival_quarter,clean,26,0.7678,0.0075,0.8902,0.0018,False
5 +room_changed,post-booking,26,0.7803,0.007,0.8976,0.0144,True
6 +post-booking columns restored,post-booking,29,0.8067,0.0081,0.9136,0.0407,True
8 country+agent frequency-encoded,clean,25,0.765,0.0078,0.8897,-0.001,False
10 +booked_by_company,clean,26,0.7658,0.0072,0.8898,-0.0001,False
11 +adr_per_person,clean,26,0.7651,0.0074,0.8894,-0.0008,False
12 +booked_by_company +adr_per_person,clean,27,0.7649,0.0083,0.8893,-0.0011,False
13 -deposit_type (stress test),clean,24,0.762,0.0076,0.8889,-0.004,False
14 -total_of_special_requests (stress test),clean,24,0.713,0.0052,0.8662,-0.053,False
9 all clean reference features (2+3+4),clean,29,0.7685,0.0082,0.8908,0.0026,False
7 no-dedup (baseline features),not comparable,25,0.9225,0.0018,0.9448,,False
